{
  "frames" :[
    {
    "frameNumber" : 0,
    "scene" : {
      "camera" : {
        "target" : [0, 2.5, 0],
        "eye" : [0, 5.5, -30],
        "worldUp" : [0, 1, 0],
        "fov" : 19.5,
        "width" : 400,
        "height": 400
      },
      "primitives" : [
        {
          "shape" : "SquarePlane",
          "name" : "Floor",
          "material" : "matteWhite",
          "transform" : {
            "translate" : [0, -2.5, 0],
            "rotate" : [-90, 0, 0],
            "scale" : [10, 10, 1]
          }
        },
        {
          "shape" : "SquarePlane",
          "name" : "Red wall",
          "material" : "matteRed",
          "transform" : {
            "translate" : [5,2.5,0],
            "rotate" : [0, -90, 0],
            "scale" : [10, 10, 1]
          }
        },
        {
          "shape" : "SquarePlane",
          "name" : "Green Wall",
          "material" : "matteGreen",
          "transform" : {
            "translate" : [-5, 2.5, 0],
            "rotate" : [0,90,0],
            "scale" : [10, 10, 1]
          }
        },
        {
          "shape" : "SquarePlane",
          "name" : "Back Wall",
          "material" : "chromeMirror",
          "transform" : {
            "translate" : [0,2.5,5],
            "rotate" : [0,180,0],
            "scale" : [10, 10, 1]
          }
        },
        {
          "shape" : "SquarePlane",
          "name" : "Ceiling Wall",
          "material" : "matteWhite",
          "transform" : {
            "translate" : [0, 7.5, 0],
            "rotate" : [90,0,0],
            "scale" : [10, 10, 1]
          }
        },
        {
          "shape" : "Cube",
          "name" : "Long Cube",
          "material" : "matteWhite",
          "transform" : {
            "translate" : [2, 0, 3],
            "rotate" : [0,27.5,0],
            "scale" : [3, 6, 3]
          }
        },
        {
          "shape" : "Cube",
          "name" : "short Cube",
          "material" : "matteWhite",
          "transform" : {
            "translate" : [-2, -1, 0.75],
            "rotate" : [0,-17.5,0],
            "scale" : [3, 3, 3]
          }
        },
        {
          "shape" : "SquarePlane",
          "name" : "textured plane",
          "material" : "texturedMaterial",
          "transform" : {
            "translate" : [-7, 3, -31],
            "rotate" : [0,0,-30],
            "scale" : [20, 20, 1]
          }
        }
      ],
      "lights" : [
        {
          "shape" : "SquarePlane",
          "name" : "Light Source",
          "type" : "DiffuseAreaLight",
          "lightColor" : [17,12,4],
          "intensity" : 2,
          "transform" : {
            "translate" : [0,7.45,0],
            "rotate" : [90,0,0],
            "scale" : [3, 3, 1]
          },
          "isDelta" : false,
          "twoSided" : true
        },
        {
          "shape" : "SquarePlane",
          "name" : "Light Source 2",
          "type" : "DiffuseAreaLight",
          "lightColor" : [1,1,1],
          "intensity" : 20,
          "transform" : {
            "translate" : [-3,-3,-25],
            "rotate" : [-120,0,0],
            "scale" : [20, 1, 1]
          },
          "isDelta" : false,
          "twoSided" : false
        }
      ],
      "materials" : [
        {
          "type" : "MatteMaterial",
          "name" : "matteWhite",
            "Kd" : [0.85, 0.81, 0.78],
          "sigma": 0
        },
        {
          "type" : "MatteMaterial",
          "name" : "matteRed",
          "Kd" : [0.63, 0.065, 0.05],
          "sigma": 0
        },
        {
          "type" : "MatteMaterial",
          "name" : "matteGreen",
          "Kd" : [0.14, 0.45, 0.091],
          "sigma": 0
        },
        {
          "type": "MirrorMaterial",
          "name": "chromeMirror",
          "Kr": [1, 1, 1]
        },
        {
          "type": "MatteMaterial",
          "name": "texturedMaterial",
          "Kd": [1, 1, 1],
          "textureMap": "tex_nor_maps/toplit.jpg"
        }
      ]
    }
  }
]
}
