{
  "frames" :[
    {
    "frameNumber" : 0,
    "scene" : {
      "camera" : {
        "target" : [0, 2.5, 0],
        "eye" : [0, 5.5, -30],
        "worldUp" : [0, 1, 0],
        "fov" : 19.5,
        "width" : 400,
        "height": 400
      },
      "primitives" : [
        {
          "shape" : "SquarePlane",
          "name" : "Floor",
          "material" : "matteWhite",
          "transform" : {
            "translate" : [0, -2.5, 0],
            "rotate" : [-90, 0, 0],
            "scale" : [10, 10, 1]
          }
        },
        {
          "shape" : "SquarePlane",
          "name" : "Red wall",
          "material" : "matteRed",
          "transform" : {
            "translate" : [5,2.5,0],
            "rotate" : [0, -90, 0],
            "scale" : [10, 10, 1]
          }
        },
        {
          "shape" : "SquarePlane",
          "name" : "Green Wall",
          "material" : "matteGreen",
          "transform" : {
            "translate" : [-5, 2.5, 0],
            "rotate" : [0,90,0],
            "scale" : [10, 10, 1]
          }
        },
        {
          "shape" : "SquarePlane",
          "name" : "Back Wall",
          "material" : "texturedMaterial",
          "transform" : {
            "translate" : [0,2.5,5],
            "rotate" : [0,180,0],
            "scale" : [10, 10, 1]
          }
        },
        {
          "shape" : "SquarePlane",
          "name" : "Ceiling Wall",
          "material" : "matteWhite",
          "transform" : {
            "translate" : [0, 7.5, 0],
            "rotate" : [90,0,0],
            "scale" : [10, 10, 1]
          }
        },
        {
          "shape" : "Sphere",
          "name" : "transmissive sphere",
          "material" : "transmissiveMaterial",
          "transform" : {
            "translate" : [0, 1.25, 0],
            "rotate" : [0,0,0],
            "scale" : [3, 3, 3]
          }
        }
      ],
      "lights" : [
        {
          "shape" : "SquarePlane",
          "name" : "Light Source",
          "type" : "DiffuseAreaLight",
          "lightColor" : [17,12,4],
          "intensity" : 2,
          "transform" : {
            "translate" : [0,7.45,0],
            "rotate" : [90,0,0],
            "scale" : [3, 3, 1]
          },
          "isDelta" : false,
          "twoSided" : true
        }
      ],
      "materials" : [
        {
          "type" : "MatteMaterial",
          "name" : "matteWhite",
            "Kd" : [0.85, 0.81, 0.78],
          "sigma": 0
        },
        {
          "type" : "MatteMaterial",
          "name" : "matteRed",
          "Kd" : [0.63, 0.065, 0.05],
          "sigma": 0
        },
        {
          "type" : "MatteMaterial",
          "name" : "matteGreen",
          "Kd" : [0.14, 0.45, 0.091],
          "sigma": 0
        },
        {
          "type": "TransmissiveMaterial",
          "name": "transmissiveMaterial",
          "Kt": [0.7, 1, 0.7],
          "eta": 1.3
        },
        {
          "type": "MatteMaterial",
          "name": "texturedMaterial",
          "Kd": [1, 1, 1],
          "textureMap": "tex_nor_maps/whitebubble.jpg"
        }
      ]
    }
  }
]
}
